subject,tapNum,x_pos,y_pos,time_stamp (in ms.)
errors_exam_0,-1,-1,-1,1651143487322.512
errors_exam_0,-1,-1,-1,1651143487335.1755
errors_exam_0,-1,-1,-1,1651143487347.5088
errors_exam_0,-1,-1,-1,1651143487359.9204
errors_exam_0,-1,-1,-1,1651143487372.2727
errors_exam_0,-1,-1,-1,1651143487384.3523
errors_exam_0,-1,-1,-1,1651143487396.4614
errors_exam_0,-1,-1,-1,1651143487408.0168
errors_exam_0,-1,-1,-1,1651143487420.1443
errors_exam_0,-1,-1,-1,1651143487432.0344
errors_exam_0,-1,-1,-1,1651143487444.1284
errors_exam_0,-1,-1,-1,1651143487456.3752
errors_exam_0,-1,-1,-1,1651143487468.5552
errors_exam_0,-1,-1,-1,1651143487480.4001
errors_exam_0,-1,-1,-1,1651143487492.9504
errors_exam_0,-1,-1,-1,1651143487505.251
errors_exam_0,-1,-1,-1,1651143487518.5164
errors_exam_0,-1,-1,-1,1651143487531.5725
errors_exam_0,-1,-1,-1,1651143487543.9912
errors_exam_0,-1,-1,-1,1651143487556.4534
errors_exam_0,-1,-1,-1,1651143487568.9841
errors_exam_0,-1,-1,-1,1651143487581.4143
errors_exam_0,-1,-1,-1,1651143487593.4612
errors_exam_0,-1,-1,-1,1651143487605.7065
errors_exam_0,-1,-1,-1,1651143487617.8813
errors_exam_0,-1,-1,-1,1651143487630.0354
errors_exam_0,-1,-1,-1,1651143487642.0842
errors_exam_0,-1,-1,-1,1651143487654.1833
errors_exam_0,-1,-1,-1,1651143487665.9976
errors_exam_0,-1,-1,-1,1651143487678.5386
errors_exam_0,1,0.3723958333333333,0.3388888888888889,1651143487690.6633
errors_exam_0,1,0.36770833333333336,0.34259259259259256,1651143487702.8733
errors_exam_0,1,0.35989583333333336,0.350925925925926,1651143487715.126
errors_exam_0,1,0.3578125,0.35462962962962963,1651143487727.3088
errors_exam_0,1,0.35104166666666664,0.36388888888888893,1651143487739.3962
errors_exam_0,1,0.3489583333333333,0.36851851851851847,1651143487751.5806
errors_exam_0,1,0.3453125,0.37870370370370365,1651143487763.807
errors_exam_0,1,0.34427083333333336,0.3842592592592593,1651143487776.0085
errors_exam_0,1,0.34322916666666664,0.4,1651143487788.21
errors_exam_0,1,0.34322916666666664,0.4111111111111111,1651143487800.0994
errors_exam_0,1,0.346875,0.44074074074074077,1651143487812.3574
errors_exam_0,1,0.35260416666666666,0.45925925925925926,1651143487825.2244
errors_exam_0,1,0.36666666666666664,0.5,1651143487837.3389
errors_exam_0,1,0.37395833333333334,0.5175925925925926,1651143487849.3442
errors_exam_0,1,0.3927083333333333,0.5629629629629629,1651143487861.2285
errors_exam_0,1,0.4041666666666667,0.5851851851851853,1651143487873.2644
errors_exam_0,1,0.4317708333333333,0.625925925925926,1651143487885.1492
errors_exam_0,1,0.4479166666666667,0.6462962962962964,1651143487897.0608
errors_exam_0,1,0.475,0.6703703703703704,1651143487909.588
errors_exam_0,1,0.4864583333333333,0.6787037037037037,1651143487921.7766
errors_exam_0,1,0.5109375,0.6925925925925926,1651143487933.7092
errors_exam_0,1,0.5192708333333333,0.6962962962962963,1651143487945.927
errors_exam_0,1,0.5401041666666667,0.6990740740740741,1651143487958.0454
errors_exam_0,1,0.5473958333333333,0.6990740740740741,1651143487970.2708
errors_exam_0,1,0.5604166666666667,0.6962962962962963,1651143487982.4236
errors_exam_0,1,0.5661458333333333,0.6935185185185185,1651143487994.5984
errors_exam_0,1,0.5755208333333334,0.6824074074074074,1651143488006.7441
errors_exam_0,1,0.5833333333333334,0.6666666666666667,1651143488018.9814
errors_exam_0,1,0.5869791666666667,0.6546296296296297,1651143488031.1462
errors_exam_0,1,0.5927083333333333,0.6305555555555555,1651143488043.525
errors_exam_0,1,0.59375,0.6175925925925926,1651143488055.7317
errors_exam_0,1,0.5942708333333333,0.6027777777777779,1651143488067.291
errors_exam_0,-1,-1,-1,1651143488079.3135
errors_exam_0,-1,-1,-1,1651143488091.4124
errors_exam_0,-1,-1,-1,1651143488103.5347
errors_exam_0,-1,-1,-1,1651143488115.209
errors_exam_0,-1,-1,-1,1651143488127.2068
errors_exam_0,-1,-1,-1,1651143488138.9973
errors_exam_0,-1,-1,-1,1651143488151.6304
errors_exam_0,-1,-1,-1,1651143488164.213
errors_exam_0,-1,-1,-1,1651143488176.3235
errors_exam_0,-1,-1,-1,1651143488188.8845
errors_exam_0,-1,-1,-1,1651143488201.3232
errors_exam_0,-1,-1,-1,1651143488213.532
errors_exam_0,-1,-1,-1,1651143488226.048
errors_exam_0,-1,-1,-1,1651143488238.465
errors_exam_0,-1,-1,-1,1651143488251.4578
errors_exam_0,-1,-1,-1,1651143488263.7095
errors_exam_0,-1,-1,-1,1651143488275.9575
errors_exam_0,-1,-1,-1,1651143488288.2178
errors_exam_0,2,0.41770833333333335,0.2925925925925926,1651143488300.1323
errors_exam_0,2,0.40520833333333334,0.28888888888888886,1651143488312.0955
errors_exam_0,2,0.39010416666666664,0.2870370370370371,1651143488324.8257
errors_exam_0,2,0.384375,0.2870370370370371,1651143488336.9275
errors_exam_0,2,0.3734375,0.2870370370370371,1651143488349.1658
errors_exam_0,2,0.36770833333333336,0.28981481481481486,1651143488361.1975
errors_exam_0,2,0.359375,0.2953703703703704,1651143488373.2224
errors_exam_0,2,0.35625,0.29907407407407405,1651143488385.2678
errors_exam_0,2,0.3515625,0.3138888888888889,1651143488397.3623
errors_exam_0,2,0.3453125,0.3472222222222222,1651143488409.0771
errors_exam_0,2,0.3411458333333333,0.3768518518518519,1651143488421.279
errors_exam_0,2,0.33645833333333336,0.40648148148148144,1651143488433.9236
errors_exam_0,2,0.3307291666666667,0.4555555555555556,1651143488446.0713
errors_exam_0,2,0.3307291666666667,0.4712962962962963,1651143488458.2622
errors_exam_0,2,0.33229166666666665,0.5083333333333333,1651143488470.3496
errors_exam_0,2,0.3359375,0.5287037037037037,1651143488482.3887
errors_exam_0,-1,-1,-1,1651143488494.3655
errors_exam_0,-1,-1,-1,1651143488506.5242
errors_exam_0,-1,-1,-1,1651143488518.6252
errors_exam_0,-1,-1,-1,1651143488530.7156
errors_exam_0,-1,-1,-1,1651143488542.669
errors_exam_0,-1,-1,-1,1651143488554.3757
errors_exam_0,-1,-1,-1,1651143488566.632
errors_exam_0,-1,-1,-1,1651143488578.6091
errors_exam_0,3,0.5125,0.7398148148148148,1651143488590.6345
errors_exam_0,3,0.5260416666666666,0.7444444444444445,1651143488602.753
errors_exam_0,3,0.5479166666666667,0.7453703703703703,1651143488615.0864
errors_exam_0,3,0.5666666666666667,0.7453703703703703,1651143488627.4229
errors_exam_0,3,0.575,0.7425925925925926,1651143488639.59
errors_exam_0,3,0.5869791666666667,0.7333333333333334,1651143488652.0718
errors_exam_0,3,0.5916666666666667,0.7287037037037036,1651143488663.9783
errors_exam_0,3,0.5989583333333334,0.7166666666666667,1651143488676.1829
errors_exam_0,3,0.6020833333333333,0.7101851851851853,1651143488688.025
errors_exam_0,3,0.6088541666666667,0.6888888888888889,1651143488700.0623
errors_exam_0,3,0.6119791666666666,0.675,1651143488712.0225
errors_exam_0,3,0.6177083333333333,0.6425925925925926,1651143488724.2246
errors_exam_0,3,0.6197916666666666,0.625,1651143488736.0483
errors_exam_0,3,0.6229166666666667,0.5824074074074075,1651143488748.0854
errors_exam_0,3,0.6239583333333333,0.5629629629629629,1651143488760.0818
errors_exam_0,3,0.6239583333333333,0.5231481481481481,1651143488772.258
errors_exam_0,3,0.6239583333333333,0.5046296296296297,1651143488784.0913
errors_exam_0,3,0.6223958333333334,0.4740740740740741,1651143488796.156
errors_exam_0,3,0.6208333333333333,0.46111111111111114,1651143488808.8867
errors_exam_0,3,0.6182291666666667,0.43981481481481477,1651143488820.7905
errors_exam_0,3,0.6182291666666667,0.43240740740740746,1651143488833.284
errors_exam_0,3,0.6182291666666667,0.4185185185185185,1651143488845.8396
errors_exam_0,3,0.61875,0.41388888888888886,1651143488858.0974
errors_exam_0,3,0.6223958333333334,0.4027777777777778,1651143488870.9915
errors_exam_0,3,0.6286458333333333,0.3944444444444445,1651143488882.7986
errors_exam_0,3,0.634375,0.38981481481481484,1651143488894.933
errors_exam_0,3,0.6515625,0.38055555555555554,1651143488907.4834
errors_exam_0,3,0.6625,0.3768518518518519,1651143488919.4734
errors_exam_0,3,0.6979166666666666,0.36851851851851847,1651143488931.6902
errors_exam_0,3,0.7177083333333333,0.36851851851851847,1651143488943.8057
errors_exam_0,3,0.7557291666666667,0.36851851851851847,1651143488955.91
errors_exam_0,3,0.7770833333333333,0.36851851851851847,1651143488967.9758
errors_exam_0,3,0.8135416666666667,0.36851851851851847,1651143488980.1436
errors_exam_0,3,0.83125,0.37129629629629635,1651143488991.8984
errors_exam_0,3,0.8588541666666667,0.3824074074074074,1651143489004.097
errors_exam_0,3,0.8677083333333333,0.38703703703703707,1651143489015.9487
errors_exam_0,3,0.8833333333333333,0.4,1651143489028.1797
errors_exam_0,3,0.8890625,0.40648148148148144,1651143489041.2625
errors_exam_0,3,0.8979166666666667,0.4194444444444444,1651143489053.397
errors_exam_0,3,0.9015625,0.4268518518518518,1651143489065.5017
errors_exam_0,3,0.90625,0.44259259259259254,1651143489077.5479
errors_exam_0,3,0.9083333333333333,0.44999999999999996,1651143489089.6143
errors_exam_0,3,0.9109375,0.4657407407407408,1651143489101.644
errors_exam_0,3,0.9109375,0.4731481481481481,1651143489113.6116
errors_exam_0,3,0.9114583333333334,0.4814814814814815,1651143489125.3557
errors_exam_0,-1,-1,-1,1651143489137.302
errors_exam_0,-1,-1,-1,1651143489149.185
errors_exam_0,-1,-1,-1,1651143489161.0466
errors_exam_0,-1,-1,-1,1651143489173.1523
errors_exam_0,-1,-1,-1,1651143489185.0396
errors_exam_0,-1,-1,-1,1651143489196.836
errors_exam_0,-1,-1,-1,1651143489209.2092
errors_exam_0,-1,-1,-1,1651143489221.7249
errors_exam_0,-1,-1,-1,1651143489234.533
errors_exam_0,-1,-1,-1,1651143489246.7026
errors_exam_0,-1,-1,-1,1651143489259.1396
errors_exam_0,-1,-1,-1,1651143489271.605
errors_exam_0,-1,-1,-1,1651143489284.3274
errors_exam_0,-1,-1,-1,1651143489296.2458
errors_exam_0,-1,-1,-1,1651143489308.6292
errors_exam_0,-1,-1,-1,1651143489321.0518
errors_exam_0,-1,-1,-1,1651143489333.3008
errors_exam_0,-1,-1,-1,1651143489346.3557
errors_exam_0,-1,-1,-1,1651143489358.6648
errors_exam_0,4,0.8307291666666666,0.4833333333333333,1651143489371.1633
errors_exam_0,4,0.8229166666666666,0.475925925925926,1651143489384.0054
errors_exam_0,4,0.8036458333333333,0.4555555555555556,1651143489396.2786
errors_exam_0,4,0.7927083333333333,0.4444444444444444,1651143489408.3728
errors_exam_0,4,0.7645833333333333,0.42314814814814816,1651143489420.57
errors_exam_0,4,0.7541666666666667,0.41388888888888886,1651143489433.5356
errors_exam_0,4,0.7229166666666667,0.3907407407407407,1651143489445.694
errors_exam_0,4,0.7083333333333334,0.37962962962962965,1651143489457.921
errors_exam_0,4,0.68125,0.36296296296296293,1651143489470.049
errors_exam_0,4,0.6697916666666667,0.3583333333333333,1651143489481.9827
errors_exam_0,4,0.6442708333333333,0.3453703703703703,1651143489494.0999
errors_exam_0,4,0.6333333333333333,0.3416666666666667,1651143489506.253
errors_exam_0,4,0.615625,0.337037037037037,1651143489518.3647
errors_exam_0,4,0.6088541666666667,0.33518518518518514,1651143489530.4448
errors_exam_0,4,0.5973958333333333,0.3314814814814815,1651143489542.619
errors_exam_0,4,0.5869791666666667,0.3314814814814815,1651143489555.6353
errors_exam_0,4,0.58125,0.3314814814814815,1651143489567.7168
errors_exam_0,4,0.5708333333333333,0.3314814814814815,1651143489579.8928
errors_exam_0,4,0.565625,0.3314814814814815,1651143489591.9902
errors_exam_0,4,0.5546875,0.33518518518518514,1651143489604.1736
errors_exam_0,4,0.5494791666666666,0.33611111111111114,1651143489616.0344
errors_exam_0,4,0.5390625,0.3407407407407408,1651143489628.276
errors_exam_0,4,0.534375,0.34351851851851856,1651143489640.1929
errors_exam_0,4,0.528125,0.35,1651143489652.277
errors_exam_0,4,0.525,0.35462962962962963,1651143489664.2122
errors_exam_0,4,0.5208333333333334,0.3768518518518519,1651143489676.352
errors_exam_0,4,0.51875,0.39814814814814814,1651143489688.1858
errors_exam_0,4,0.5171875,0.43981481481481477,1651143489700.8208
errors_exam_0,4,0.5177083333333333,0.4481481481481482,1651143489712.48
errors_exam_0,4,0.521875,0.4574074074074074,1651143489724.639
errors_exam_0,4,0.5239583333333333,0.45925925925925926,1651143489736.582
errors_exam_0,4,0.53125,0.4648148148148148,1651143489748.495
errors_exam_0,4,0.5359375,0.46851851851851856,1651143489761.0542
errors_exam_0,4,0.5458333333333333,0.475,1651143489772.87
errors_exam_0,4,0.5520833333333334,0.4805555555555555,1651143489784.87
errors_exam_0,4,0.5614583333333333,0.4907407407407407,1651143489797.016
errors_exam_0,4,0.5666666666666667,0.49537037037037035,1651143489809.1086
errors_exam_0,4,0.5744791666666667,0.500925925925926,1651143489821.2231
errors_exam_0,4,0.5776041666666667,0.5018518518518518,1651143489834.2188
errors_exam_0,4,0.58125,0.5018518518518518,1651143489846.4915
errors_exam_0,4,0.5828125,0.5018518518518518,1651143489858.6099
errors_exam_0,4,0.5859375,0.5018518518518518,1651143489870.8022
errors_exam_0,4,0.5890625,0.4981481481481481,1651143489883.041
errors_exam_0,4,0.5916666666666667,0.49351851851851847,1651143489895.215
errors_exam_0,4,0.5963541666666666,0.4842592592592593,1651143489907.7576
errors_exam_0,4,0.5984375,0.475925925925926,1651143489919.877
errors_exam_0,4,0.6015625,0.45925925925925926,1651143489931.7937
errors_exam_0,4,0.603125,0.45092592592592595,1651143489943.9038
errors_exam_0,4,0.6046875,0.4296296296296296,1651143489956.0295
errors_exam_0,4,0.6046875,0.4175925925925926,1651143489967.978
errors_exam_0,4,0.6046875,0.3944444444444445,1651143489980.2253
errors_exam_0,4,0.6046875,0.3833333333333333,1651143489992.1758
errors_exam_0,4,0.5989583333333334,0.3564814814814815,1651143490004.3042
errors_exam_0,4,0.5921875,0.3388888888888889,1651143490016.1096
errors_exam_0,4,0.5765625,0.30833333333333335,1651143490028.38
errors_exam_0,4,0.5661458333333333,0.2944444444444444,1651143490040.2605
errors_exam_0,4,0.540625,0.26203703703703707,1651143490052.5132
errors_exam_0,4,0.5255208333333333,0.24814814814814812,1651143490064.375
errors_exam_0,4,0.49635416666666665,0.22962962962962963,1651143490076.567
errors_exam_0,4,0.4864583333333333,0.22499999999999998,1651143490088.386
errors_exam_0,4,0.46770833333333334,0.21851851851851856,1651143490100.892
errors_exam_0,4,0.46197916666666666,0.21759259259259256,1651143490112.9683
errors_exam_0,4,0.4510416666666667,0.21759259259259256,1651143490125.1533
errors_exam_0,4,0.4479166666666667,0.21759259259259256,1651143490137.1895
errors_exam_0,4,0.440625,0.22129629629629632,1651143490148.904
errors_exam_0,4,0.4375,0.2240740740740741,1651143490161.7417
errors_exam_0,4,0.4322916666666667,0.22870370370370374,1651143490173.8904
errors_exam_0,4,0.42916666666666664,0.2324074074074074,1651143490186.0654
errors_exam_0,4,0.42604166666666665,0.23796296296296293,1651143490198.267
errors_exam_0,4,0.42552083333333335,0.2416666666666667,1651143490210.4783
errors_exam_0,4,0.42552083333333335,0.25648148148148153,1651143490222.6343
errors_exam_0,4,0.43020833333333336,0.28055555555555556,1651143490234.815
errors_exam_0,4,0.4359375,0.2953703703703704,1651143490246.7927
errors_exam_0,4,0.44635416666666666,0.31574074074074077,1651143490258.5833
errors_exam_0,4,0.45208333333333334,0.3231481481481482,1651143490271.5542
errors_exam_0,4,0.4703125,0.3398148148148148,1651143490283.6501
errors_exam_0,4,0.4791666666666667,0.3462962962962963,1651143490295.8994
errors_exam_0,4,0.496875,0.35277777777777775,1651143490308.0903
errors_exam_0,4,0.5046875,0.35462962962962963,1651143490320.0652
errors_exam_0,4,0.5182291666666666,0.35462962962962963,1651143490331.9795
errors_exam_0,4,0.5270833333333333,0.3472222222222222,1651143490343.988
errors_exam_0,4,0.5447916666666667,0.3222222222222222,1651143490356.2314
errors_exam_0,4,0.5520833333333334,0.30000000000000004,1651143490368.154
errors_exam_0,4,0.5651041666666666,0.24722222222222223,1651143490380.5752
errors_exam_0,4,0.5677083333333334,0.22499999999999998,1651143490392.3804
errors_exam_0,4,0.5682291666666667,0.18425925925925923,1651143490404.9817
errors_exam_0,4,0.5682291666666667,0.1694444444444444,1651143490417.1167
errors_exam_0,4,0.5625,0.14814814814814814,1651143490429.6357
errors_exam_0,4,0.5583333333333333,0.14074074074074072,1651143490442.2642
errors_exam_0,4,0.5479166666666667,0.13240740740740742,1651143490454.2856
errors_exam_0,4,0.540625,0.12870370370370365,1651143490466.8833
errors_exam_0,4,0.5223958333333333,0.12777777777777777,1651143490478.8523
errors_exam_0,4,0.48541666666666666,0.12777777777777777,1651143490490.9727
errors_exam_0,4,0.4661458333333333,0.13240740740740742,1651143490503.1216
errors_exam_0,4,0.4479166666666667,0.13981481481481484,1651143490514.9219
errors_exam_0,4,0.4244791666666667,0.15648148148148144,1651143490527.1208
errors_exam_0,4,0.41354166666666664,0.16666666666666663,1651143490539.2214
errors_exam_0,4,0.4015625,0.18055555555555558,1651143490551.9397
errors_exam_0,4,0.39479166666666665,0.19259259259259254,1651143490563.8745
errors_exam_0,4,0.3927083333333333,0.19999999999999996,1651143490575.7207
errors_exam_0,4,0.39010416666666664,0.2157407407407408,1651143490587.3127
errors_exam_0,4,0.3890625,0.22592592592592597,1651143490600.0894
errors_exam_0,4,0.3890625,0.24629629629629635,1651143490612.201
errors_exam_0,4,0.3890625,0.2583333333333333,1651143490624.1118
errors_exam_0,4,0.3921875,0.28055555555555556,1651143490636.3296
errors_exam_0,4,0.3963541666666667,0.29074074074074074,1651143490648.1743
errors_exam_0,4,0.4114583333333333,0.31018518518518523,1651143490660.2844
errors_exam_0,4,0.4244791666666667,0.31851851851851853,1651143490672.1772
errors_exam_0,4,0.4510416666666667,0.3287037037037037,1651143490684.069
errors_exam_0,4,0.46510416666666665,0.3287037037037037,1651143490695.9666
errors_exam_0,4,0.49166666666666664,0.32407407407407407,1651143490708.2793
errors_exam_0,4,0.5020833333333333,0.31574074074074077,1651143490720.1743
errors_exam_0,4,0.5291666666666667,0.2833333333333333,1651143490732.0881
errors_exam_0,4,0.5416666666666666,0.26203703703703707,1651143490744.0684
errors_exam_0,4,0.5557291666666667,0.2148148148148148,1651143490756.234
errors_exam_0,4,0.5572916666666666,0.19351851851851853,1651143490768.1536
errors_exam_0,4,0.5578125,0.1601851851851852,1651143490780.3506
errors_exam_0,4,0.5552083333333333,0.14629629629629626,1651143490792.1558
errors_exam_0,4,0.5463541666666667,0.12777777777777777,1651143490804.2144
errors_exam_0,4,0.5411458333333333,0.12037037037037035,1651143490816.952
errors_exam_0,4,0.5291666666666667,0.11203703703703705,1651143490828.7444
errors_exam_0,4,0.5223958333333333,0.10925925925925928,1651143490840.734
errors_exam_0,4,0.5052083333333334,0.10833333333333328,1651143490852.87
errors_exam_0,4,0.49375,0.10833333333333328,1651143490865.0989
errors_exam_0,4,0.478125,0.11203703703703705,1651143490877.3604
errors_exam_0,4,0.471875,0.1166666666666667,1651143490889.315
errors_exam_0,4,0.465625,0.12685185185185188,1651143490901.979
errors_exam_0,4,0.4630208333333333,0.13703703703703707,1651143490914.1353
errors_exam_0,4,0.46197916666666666,0.17592592592592593,1651143490926.5664
errors_exam_0,4,0.4625,0.2064814814814815,1651143490938.7156
errors_exam_0,4,0.48385416666666664,0.2574074074074074,1651143490950.9302
errors_exam_0,4,0.5302083333333333,0.2953703703703704,1651143490963.285
errors_exam_0,4,0.5625,0.30648148148148147,1651143490975.4885
errors_exam_0,4,0.6276041666666666,0.30740740740740746,1651143490988.5127
errors_exam_0,4,0.6552083333333333,0.2944444444444444,1651143491000.401
errors_exam_0,4,0.6734375,0.2787037037037037,1651143491012.5837
errors_exam_0,4,0.6739583333333333,0.275,1651143491024.5664
errors_exam_0,4,0.6744791666666666,0.2592592592592593,1651143491036.7444
errors_exam_0,4,0.6713541666666667,0.24351851851851847,1651143491048.7285
errors_exam_0,4,0.6463541666666667,0.20925925925925926,1651143491060.9763
errors_exam_0,4,0.6265625,0.19907407407407407,1651143491073.0183
errors_exam_0,4,0.5963541666666666,0.187962962962963,1651143491085.1487
errors_exam_0,4,0.5911458333333334,0.187962962962963,1651143491097.2876
errors_exam_0,4,0.5895833333333333,0.187037037037037,1651143491109.3699
errors_exam_0,4,0.5895833333333333,0.187037037037037,1651143491121.1724
errors_exam_0,4,0.5963541666666666,0.19166666666666665,1651143491133.5117
errors_exam_0,4,0.6151041666666667,0.2055555555555556,1651143491146.2502
errors_exam_0,4,0.6697916666666667,0.24629629629629635,1651143491159.0828
errors_exam_0,4,0.7333333333333333,0.28055555555555556,1651143491171.3904
errors_exam_0,4,0.7572916666666667,0.2935185185185185,1651143491183.5544
errors_exam_0,4,0.76875,0.3046296296296296,1651143491195.701
errors_exam_0,4,0.76875,0.3046296296296296,1651143491207.577
errors_exam_0,4,0.76875,0.30740740740740746,1651143491219.8965
errors_exam_0,4,0.7671875,0.31018518518518523,1651143491231.8052
errors_exam_0,4,0.7572916666666667,0.31666666666666665,1651143491243.8223
errors_exam_0,4,0.7458333333333333,0.3222222222222222,1651143491255.9136
errors_exam_0,4,0.6994791666666667,0.33425925925925926,1651143491268.1006
errors_exam_0,4,0.6723958333333333,0.33518518518518514,1651143491280.0444
errors_exam_0,4,0.6286458333333333,0.33518518518518514,1651143491292.1987
errors_exam_0,4,0.6145833333333334,0.3287037037037037,1651143491304.083
errors_exam_0,4,0.6020833333333333,0.3194444444444444,1651143491316.0452
errors_exam_0,4,0.6005208333333333,0.31666666666666665,1651143491327.9978
errors_exam_0,4,0.6005208333333333,0.3138888888888889,1651143491340.1304
errors_exam_0,4,0.6020833333333333,0.312962962962963,1651143491352.031
errors_exam_0,4,0.6104166666666667,0.312962962962963,1651143491364.1758
errors_exam_0,4,0.6291666666666667,0.3277777777777777,1651143491376.031
errors_exam_0,4,0.6927083333333334,0.40555555555555556,1651143491388.2288
errors_exam_0,4,0.7145833333333333,0.45833333333333337,1651143491400.7979
errors_exam_0,4,0.7322916666666667,0.5898148148148148,1651143491412.8174
errors_exam_0,4,0.7348958333333333,0.6527777777777778,1651143491424.8918
errors_exam_0,4,0.7192708333333333,0.7361111111111112,1651143491437.0432
errors_exam_0,4,0.7109375,0.7527777777777778,1651143491449.9158
errors_exam_0,4,0.6875,0.7657407407407407,1651143491462.0615
errors_exam_0,4,0.6708333333333333,0.7657407407407407,1651143491474.292
errors_exam_0,4,0.61875,0.7277777777777779,1651143491486.9705
errors_exam_0,4,0.5588541666666667,0.6370370370370371,1651143491499.872
errors_exam_0,4,0.5286458333333334,0.5851851851851853,1651143491512.1868
errors_exam_0,4,0.4864583333333333,0.475,1651143491524.3662
errors_exam_0,4,0.47708333333333336,0.4268518518518518,1651143491536.3232
errors_exam_0,4,0.47708333333333336,0.3462962962962963,1651143491548.1672
errors_exam_0,4,0.48802083333333335,0.312037037037037,1651143491560.0593
errors_exam_0,4,0.5244791666666667,0.25555555555555554,1651143491572.2683
errors_exam_0,4,0.5515625,0.23703703703703705,1651143491584.2458
errors_exam_0,4,0.61875,0.22777777777777775,1651143491596.4216
errors_exam_0,4,0.6536458333333334,0.23981481481481481,1651143491608.2505
errors_exam_0,4,0.7083333333333334,0.3027777777777778,1651143491620.4836
errors_exam_0,4,0.721875,0.3472222222222222,1651143491633.2231
errors_exam_0,4,0.728125,0.4666666666666667,1651143491645.2122
errors_exam_0,4,0.7208333333333333,0.5333333333333333,1651143491657.191
errors_exam_0,4,0.6864583333333333,0.6805555555555556,1651143491669.0574
errors_exam_0,4,0.6614583333333334,0.7425925925925926,1651143491680.9924
errors_exam_0,4,0.6057291666666667,0.8222222222222222,1651143491693.266
errors_exam_0,4,0.5802083333333333,0.8388888888888889,1651143491705.7795
errors_exam_0,4,0.5354166666666667,0.8462962962962963,1651143491717.6628
errors_exam_0,4,0.509375,0.837962962962963,1651143491729.8147
errors_exam_0,4,0.46197916666666666,0.7861111111111111,1651143491741.9744
errors_exam_0,4,0.43697916666666664,0.7444444444444445,1651143491754.1414
errors_exam_0,4,0.39895833333333336,0.6555555555555556,1651143491766.4
errors_exam_0,4,0.3875,0.6092592592592593,1651143491778.5256
errors_exam_0,4,0.378125,0.5111111111111111,1651143491790.821
errors_exam_0,4,0.3848958333333333,0.41666666666666663,1651143491803.178
errors_exam_0,4,0.396875,0.3768518518518519,1651143491815.2473
errors_exam_0,4,0.43802083333333336,0.2944444444444444,1651143491826.9587
errors_exam_0,4,0.46458333333333335,0.26388888888888884,1651143491839.4397
errors_exam_0,4,0.5203125,0.2305555555555555,1651143491851.457
errors_exam_0,4,0.5453125,0.2305555555555555,1651143491863.6016
errors_exam_0,4,0.5786458333333333,0.2601851851851852,1651143491875.633
errors_exam_0,4,0.5880208333333333,0.29166666666666663,1651143491887.809
errors_exam_0,4,0.5979166666666667,0.38055555555555554,1651143491900.1458
errors_exam_0,4,0.5973958333333333,0.44074074074074077,1651143491911.9866
errors_exam_0,4,0.5770833333333333,0.5851851851851853,1651143491923.871
errors_exam_0,4,0.55625,0.6564814814814814,1651143491935.6133
errors_exam_0,4,0.515625,0.7620370370370371,1651143491947.5505
errors_exam_0,4,0.4953125,0.7944444444444445,1651143491959.6738
errors_exam_0,4,0.4713541666666667,0.8157407407407408,1651143491971.8853
errors_exam_0,4,0.46510416666666665,0.8157407407407408,1651143491983.8984
errors_exam_0,4,0.43802083333333336,0.7898148148148147,1651143491995.955
errors_exam_0,4,0.41770833333333335,0.7546296296296297,1651143492007.9727
errors_exam_0,4,0.3765625,0.6611111111111111,1651143492020.2612
errors_exam_0,4,0.3578125,0.5990740740740741,1651143492032.7383
errors_exam_0,4,0.32760416666666664,0.4722222222222222,1651143492044.7056
errors_exam_0,4,0.32135416666666666,0.41574074074074074,1651143492056.8918
errors_exam_0,4,0.32708333333333334,0.3203703703703704,1651143492069.123
errors_exam_0,4,0.3390625,0.2768518518518519,1651143492081.0037
errors_exam_0,4,0.38229166666666664,0.2064814814814815,1651143492093.842
errors_exam_0,4,0.409375,0.187962962962963,1651143492105.9316
errors_exam_0,4,0.475,0.18888888888888888,1651143492118.1343
errors_exam_0,4,0.5098958333333333,0.2046296296296296,1651143492130.344
errors_exam_0,4,0.5625,0.2666666666666667,1651143492142.497
errors_exam_0,4,0.5791666666666667,0.3111111111111111,1651143492154.6682
errors_exam_0,4,0.5973958333333333,0.4268518518518518,1651143492166.8713
errors_exam_0,4,0.6,0.5555555555555556,1651143492179.138
errors_exam_0,4,0.5921875,0.624074074074074,1651143492191.385
errors_exam_0,4,0.5692708333333333,0.7194444444444444,1651143492203.5107
errors_exam_0,4,0.5552083333333333,0.7481481481481482,1651143492215.948
errors_exam_0,4,0.5333333333333333,0.7703703703703704,1651143492228.1282
errors_exam_0,4,0.5229166666666667,0.7712962962962963,1651143492239.9724
errors_exam_0,4,0.49114583333333334,0.7592592592592593,1651143492251.9558
errors_exam_0,4,0.4713541666666667,0.7342592592592593,1651143492263.9312
errors_exam_0,4,0.42135416666666664,0.662037037037037,1651143492275.9248
errors_exam_0,4,0.3984375,0.6138888888888889,1651143492288.0103
errors_exam_0,4,0.3619791666666667,0.5046296296296297,1651143492300.09
errors_exam_0,4,0.35104166666666664,0.44259259259259254,1651143492312.4043
errors_exam_0,4,0.3458333333333333,0.3407407407407408,1651143492324.377
errors_exam_0,4,0.3536458333333333,0.29074074074074074,1651143492336.0483
errors_exam_0,4,0.3885416666666667,0.19999999999999996,1651143492347.534
errors_exam_0,4,0.4171875,0.1611111111111111,1651143492359.6765
errors_exam_0,4,0.48333333333333334,0.12222222222222223,1651143492371.6265
errors_exam_0,4,0.5177083333333333,0.12037037037037035,1651143492383.8364
errors_exam_0,4,0.5833333333333334,0.14629629629629626,1651143492396.5098
errors_exam_0,4,0.6057291666666667,0.17222222222222228,1651143492408.3752
errors_exam_0,4,0.6369791666666667,0.24537037037037035,1651143492420.2585
errors_exam_0,4,0.6463541666666667,0.2962962962962963,1651143492432.8242
errors_exam_0,4,0.6515625,0.4101851851851852,1651143492444.8704
errors_exam_0,4,0.6473958333333333,0.47870370370370374,1651143492456.7612
errors_exam_0,4,0.6197916666666666,0.612037037037037,1651143492468.487
errors_exam_0,4,0.6020833333333333,0.6694444444444445,1651143492480.664
errors_exam_0,4,0.5651041666666666,0.7314814814814814,1651143492492.541
errors_exam_0,4,0.55,0.7462962962962962,1651143492504.519
errors_exam_0,4,0.5270833333333333,0.7518518518518519,1651143492517.1086
errors_exam_0,4,0.5130208333333334,0.7453703703703703,1651143492529.2537
errors_exam_0,4,0.47239583333333335,0.6990740740740741,1651143492541.431
errors_exam_0,4,0.4479166666666667,0.6611111111111111,1651143492553.5105
errors_exam_0,4,0.39895833333333336,0.5722222222222222,1651143492565.5476
errors_exam_0,4,0.3770833333333333,0.5194444444444444,1651143492577.4988
errors_exam_0,4,0.346875,0.4185185185185185,1651143492589.438
errors_exam_0,4,0.34010416666666665,0.3740740740740741,1651143492601.1309
errors_exam_0,4,0.3385416666666667,0.2944444444444444,1651143492612.7483
errors_exam_0,4,0.34739583333333335,0.2583333333333333,1651143492624.8477
errors_exam_0,4,0.3796875,0.1972222222222222,1651143492637.0273
errors_exam_0,4,0.4041666666666667,0.1787037037037037,1651143492649.3962
errors_exam_0,4,0.4671875,0.16759259259259263,1651143492661.3394
errors_exam_0,4,0.49895833333333334,0.17500000000000004,1651143492674.0237
errors_exam_0,4,0.5588541666666667,0.21666666666666667,1651143492686.2131
errors_exam_0,4,0.5802083333333333,0.24537037037037035,1651143492698.0845
errors_exam_0,4,0.6072916666666667,0.31759259259259254,1651143492710.2603
errors_exam_0,4,0.6145833333333334,0.3657407407407407,1651143492722.264
errors_exam_0,4,0.6161458333333333,0.45925925925925926,1651143492734.4338
errors_exam_0,4,0.6125,0.5101851851851852,1651143492746.336
errors_exam_0,4,0.5859375,0.6129629629629629,1651143492758.4407
errors_exam_0,4,0.5682291666666667,0.6537037037037037,1651143492770.607
errors_exam_0,4,0.5307291666666667,0.7101851851851853,1651143492782.7754
errors_exam_0,4,0.49270833333333336,0.7287037037037036,1651143492795.019
errors_exam_0,4,0.4744791666666667,0.7287037037037036,1651143492807.2263
errors_exam_0,4,0.42864583333333334,0.700925925925926,1651143492819.694
errors_exam_0,4,0.40520833333333334,0.675,1651143492832.1934
errors_exam_0,4,0.359375,0.5981481481481481,1651143492844.2515
errors_exam_0,4,0.3416666666666667,0.5527777777777778,1651143492856.1562
errors_exam_0,4,0.31614583333333335,0.4574074074074074,1651143492868.3823
errors_exam_0,4,0.31197916666666664,0.4083333333333333,1651143492880.193
errors_exam_0,4,0.31666666666666665,0.3138888888888889,1651143492892.8281
errors_exam_0,4,0.3296875,0.2657407407407407,1651143492904.9492
errors_exam_0,4,0.3729166666666667,0.18425925925925923,1651143492917.1624
errors_exam_0,4,0.41041666666666665,0.1518518518518519,1651143492929.1829
errors_exam_0,4,0.5067708333333333,0.11481481481481481,1651143492941.4668
errors_exam_0,4,0.5546875,0.11296296296296293,1651143492953.5215
errors_exam_0,4,0.640625,0.14074074074074072,1651143492965.6582
errors_exam_0,4,0.6739583333333333,0.1694444444444444,1651143492977.746
errors_exam_0,4,0.7192708333333333,0.25555555555555554,1651143492989.7808
errors_exam_0,4,0.7296875,0.30833333333333335,1651143493001.7214
errors_exam_0,4,0.7364583333333333,0.4277777777777778,1651143493013.3647
errors_exam_0,4,0.7302083333333333,0.48703703703703705,1651143493025.8296
errors_exam_0,4,0.6989583333333333,0.6166666666666667,1651143493038.0193
errors_exam_0,4,0.6770833333333334,0.6648148148148147,1651143493050.2222
errors_exam_0,4,0.6276041666666666,0.7314814814814814,1651143493062.4097
errors_exam_0,4,0.6046875,0.7435185185185185,1651143493074.5479
errors_exam_0,4,0.5598958333333334,0.7518518518518519,1651143493086.8208
errors_exam_0,4,0.5161458333333333,0.7388888888888889,1651143493099.051
errors_exam_0,4,0.49166666666666664,0.7212962962962963,1651143493111.2742
errors_exam_0,4,0.4421875,0.6592592592592592,1651143493123.5696
errors_exam_0,4,0.4203125,0.625925925925926,1651143493135.712
errors_exam_0,4,0.38385416666666666,0.5472222222222223,1651143493147.6348
errors_exam_0,4,0.3729166666666667,0.5055555555555555,1651143493159.8489
errors_exam_0,4,0.35989583333333336,0.42314814814814816,1651143493171.9714
errors_exam_0,4,0.35989583333333336,0.3851851851851852,1651143493183.9756
errors_exam_0,4,0.3729166666666667,0.31481481481481477,1651143493196.1497
errors_exam_0,4,0.3890625,0.28148148148148144,1651143493207.9824
errors_exam_0,4,0.44375,0.23611111111111116,1651143493220.1843
errors_exam_0,4,0.4786458333333333,0.22870370370370374,1651143493232.1365
errors_exam_0,4,0.5635416666666667,0.2314814814814815,1651143493244.0564
errors_exam_0,4,0.5958333333333333,0.24907407407407411,1651143493255.9683
errors_exam_0,4,0.6479166666666667,0.30740740740740746,1651143493268.1333
errors_exam_0,4,0.6682291666666667,0.35277777777777775,1651143493280.012
errors_exam_0,4,0.6848958333333334,0.4527777777777777,1651143493293.0212
errors_exam_0,4,0.6859375,0.512962962962963,1651143493304.9016
errors_exam_0,4,0.6640625,0.6361111111111111,1651143493317.011
errors_exam_0,4,0.6416666666666667,0.6981481481481482,1651143493329.0503
errors_exam_0,4,0.5875,0.7907407407407407,1651143493341.1396
errors_exam_0,4,0.5583333333333333,0.8175925925925926,1651143493353.2961
errors_exam_0,4,0.5052083333333334,0.8453703703703703,1651143493365.6582
errors_exam_0,4,0.4864583333333333,0.8453703703703703,1651143493378.3337
errors_exam_0,4,0.4401041666666667,0.8231481481481482,1651143493390.9065
errors_exam_0,4,0.39375,0.7675925925925926,1651143493403.1863
errors_exam_0,4,0.371875,0.7324074074074074,1651143493415.4788
errors_exam_0,4,0.3328125,0.6462962962962964,1651143493427.572
errors_exam_0,4,0.31666666666666665,0.5944444444444444,1651143493439.7812
errors_exam_0,4,0.3,0.49629629629629635,1651143493451.9583
errors_exam_0,4,0.29791666666666666,0.4481481481481482,1651143493463.879
errors_exam_0,4,0.3078125,0.35,1651143493476.073
errors_exam_0,4,0.3265625,0.2972222222222223,1651143493488.0022
errors_exam_0,4,0.39010416666666664,0.2148148148148148,1651143493500.148
errors_exam_0,4,0.4354166666666667,0.18981481481481477,1651143493512.085
errors_exam_0,4,0.5375,0.17129629629629628,1651143493524.3435
errors_exam_0,4,0.5828125,0.17685185185185182,1651143493536.3389
errors_exam_0,4,0.65625,0.21944444444444444,1651143493548.9255
errors_exam_0,4,0.6807291666666667,0.2518518518518519,1651143493561.1667
errors_exam_0,4,0.7005208333333334,0.3314814814814815,1651143493573.1362
errors_exam_0,4,0.7026041666666667,0.38703703703703707,1651143493585.7515
errors_exam_0,4,0.6880208333333333,0.5083333333333333,1651143493598.6753
errors_exam_0,4,0.6677083333333333,0.5703703703703704,1651143493610.6763
errors_exam_0,4,0.6125,0.6833333333333333,1651143493623.2742
errors_exam_0,4,0.5822916666666667,0.7240740740740741,1651143493635.4
errors_exam_0,4,0.5208333333333334,0.7703703703703704,1651143493647.5125
errors_exam_0,4,0.46458333333333335,0.7851851851851852,1651143493659.4182
errors_exam_0,4,0.440625,0.7851851851851852,1651143493671.5413
errors_exam_0,4,0.38645833333333335,0.7509259259259259,1651143493683.55
errors_exam_0,4,0.3614583333333333,0.725,1651143493695.572
errors_exam_0,4,0.31302083333333336,0.6444444444444444,1651143493707.494
errors_exam_0,4,0.2953125,0.6018518518518519,1651143493719.3245
errors_exam_0,4,0.271875,0.5018518518518518,1651143493731.187
errors_exam_0,4,0.26666666666666666,0.4527777777777777,1651143493743.2954
errors_exam_0,4,0.26927083333333335,0.3583333333333333,1651143493755.3193
errors_exam_0,4,0.2791666666666667,0.31759259259259254,1651143493767.2725
errors_exam_0,4,0.2953125,0.28148148148148144,1651143493779.517
errors_exam_0,4,0.35,0.2231481481481481,1651143493791.6758
errors_exam_0,4,0.43020833333333336,0.2055555555555556,1651143493803.8596
errors_exam_0,4,0.4739583333333333,0.2055555555555556,1651143493815.9724
errors_exam_0,4,0.5505208333333333,0.2314814814814815,1651143493828.023
errors_exam_0,4,0.5765625,0.25648148148148153,1651143493840.518
errors_exam_0,4,0.6109375,0.32592592592592595,1651143493853.0789
errors_exam_0,4,0.6213541666666667,0.36944444444444446,1651143493865.5466
errors_exam_0,4,0.6270833333333333,0.46944444444444444,1651143493877.8381
errors_exam_0,4,0.61875,0.575,1651143493889.8687
errors_exam_0,4,0.6057291666666667,0.6305555555555555,1651143493902.087
errors_exam_0,4,0.5895833333333333,0.6824074074074074,1651143493915.2112
errors_exam_0,4,0.5458333333333333,0.7638888888888888,1651143493927.2441
errors_exam_0,4,0.490625,0.8166666666666667,1651143493939.9016
errors_exam_0,4,0.46822916666666664,0.8268518518518518,1651143493951.9573
errors_exam_0,4,0.4234375,0.8324074074074074,1651143493965.0955
errors_exam_0,4,0.4015625,0.825925925925926,1651143493977.16
errors_exam_0,4,0.35625,0.787037037037037,1651143493989.182
errors_exam_0,4,0.3333333333333333,0.7555555555555555,1651143494001.2512
errors_exam_0,4,0.2984375,0.6814814814814815,1651143494013.0537
errors_exam_0,4,0.28489583333333335,0.6342592592592593,1651143494025.6555
errors_exam_0,4,0.2682291666666667,0.5314814814814814,1651143494037.8218
errors_exam_0,4,0.2671875,0.4740740740740741,1651143494050.0347
errors_exam_0,4,0.27291666666666664,0.3574074074074074,1651143494062.284
errors_exam_0,4,0.2864583333333333,0.29907407407407405,1651143494074.4363
errors_exam_0,4,0.325,0.187037037037037,1651143494086.6328
errors_exam_0,4,0.3796875,0.10092592592592597,1651143494098.9377
errors_exam_0,4,0.4119791666666667,0.07037037037037042,1651143494111.1226
errors_exam_0,4,0.48333333333333334,0.03888888888888886,1651143494123.5781
errors_exam_0,4,0.5140625,0.03703703703703709,1651143494135.6956
errors_exam_0,4,0.571875,0.047222222222222276,1651143494148.5957
errors_exam_0,4,0.5973958333333333,0.062962962962963,1651143494160.087
errors_exam_0,4,0.6364583333333333,0.10648148148148151,1651143494172.2656
errors_exam_0,4,0.6557291666666667,0.13888888888888884,1651143494184.2026
errors_exam_0,4,0.6802083333333333,0.20833333333333337,1651143494196.7578
errors_exam_0,4,0.6880208333333333,0.24907407407407411,1651143494208.898
errors_exam_0,4,0.6958333333333333,0.3324074074074074,1651143494221.1226
errors_exam_0,4,0.6958333333333333,0.3731481481481481,1651143494233.0942
errors_exam_0,4,0.6859375,0.4546296296296296,1651143494245.1
errors_exam_0,4,0.6734375,0.49351851851851847,1651143494257.1777
errors_exam_0,4,0.6401041666666667,0.5657407407407408,1651143494269.0984
errors_exam_0,4,0.6203125,0.5944444444444444,1651143494281.927
errors_exam_0,4,0.5776041666666667,0.6333333333333333,1651143494294.0713
errors_exam_0,4,0.5526041666666667,0.6444444444444444,1651143494306.3076
errors_exam_0,4,0.5036458333333333,0.6490740740740741,1651143494318.48
errors_exam_0,4,0.47708333333333336,0.6490740740740741,1651143494330.327
errors_exam_0,4,0.421875,0.6222222222222222,1651143494342.5513
errors_exam_0,4,0.39739583333333334,0.5981481481481481,1651143494354.5583
errors_exam_0,4,0.3567708333333333,0.5407407407407407,1651143494366.761
errors_exam_0,4,0.3255208333333333,0.46759259259259256,1651143494379.0728
errors_exam_0,4,0.31354166666666666,0.4277777777777778,1651143494391.6467
errors_exam_0,4,0.30052083333333335,0.3453703703703703,1651143494403.9014
errors_exam_0,4,0.3,0.31018518518518523,1651143494415.937
errors_exam_0,4,0.3072916666666667,0.22962962962962963,1651143494428.149
errors_exam_0,4,0.31979166666666664,0.1962962962962963,1651143494440.0493
errors_exam_0,4,0.3578125,0.13796296296296295,1651143494452.2905
errors_exam_0,4,0.3848958333333333,0.1157407407407407,1651143494465.146
errors_exam_0,4,0.44479166666666664,0.09537037037037033,1651143494477.1118
errors_exam_0,4,0.48020833333333335,0.09537037037037033,1651143494489.1155
errors_exam_0,4,0.5364583333333334,0.11111111111111116,1651143494501.3164
errors_exam_0,4,0.5635416666666667,0.12777777777777777,1651143494514.3132
errors_exam_0,4,0.6151041666666667,0.17962962962962958,1651143494526.513
errors_exam_0,4,0.634375,0.21203703703703702,1651143494539.0488
errors_exam_0,4,0.6598958333333333,0.2925925925925926,1651143494551.0125
errors_exam_0,4,0.6677083333333333,0.3407407407407408,1651143494562.898
errors_exam_0,4,0.671875,0.43518518518518523,1651143494575.0652
errors_exam_0,4,0.6713541666666667,0.49537037037037035,1651143494587.132
errors_exam_0,4,0.6526041666666667,0.6037037037037036,1651143494599.1516
errors_exam_0,4,0.6401041666666667,0.6453703703703704,1651143494611.107
errors_exam_0,4,0.6114583333333333,0.7157407407407408,1651143494623.043
errors_exam_0,4,0.5822916666666667,0.7546296296296297,1651143494635.3267
errors_exam_0,4,0.56875,0.7666666666666666,1651143494647.9443
errors_exam_0,4,0.5364583333333334,0.7740740740740741,1651143494660.08
errors_exam_0,4,0.5166666666666667,0.7740740740740741,1651143494672.0024
errors_exam_0,4,0.4734375,0.7574074074074074,1651143494684.2244
errors_exam_0,4,0.44635416666666666,0.7407407407407407,1651143494696.0789
errors_exam_0,4,0.3854166666666667,0.6851851851851851,1651143494709.0098
errors_exam_0,4,0.35625,0.6537037037037037,1651143494721.067
errors_exam_0,4,0.3072916666666667,0.5787037037037037,1651143494733.0845
errors_exam_0,4,0.28802083333333334,0.5333333333333333,1651143494745.214
errors_exam_0,4,0.2677083333333333,0.4481481481481482,1651143494757.3728
errors_exam_0,4,0.265625,0.4046296296296297,1651143494769.214
errors_exam_0,4,0.27708333333333335,0.32499999999999996,1651143494781.339
errors_exam_0,4,0.29270833333333335,0.2851851851851852,1651143494793.2974
errors_exam_0,4,0.3333333333333333,0.22129629629629632,1651143494805.3188
errors_exam_0,4,0.36041666666666666,0.20092592592592595,1651143494817.7253
errors_exam_0,4,0.4244791666666667,0.1777777777777778,1651143494829.9956
errors_exam_0,4,0.45729166666666665,0.17592592592592593,1651143494842.529
errors_exam_0,4,0.5171875,0.18425925925925923,1651143494854.6997
errors_exam_0,4,0.5604166666666667,0.21203703703703702,1651143494867.09
errors_exam_0,4,0.5802083333333333,0.23703703703703705,1651143494878.9734
errors_exam_0,4,0.6098958333333333,0.2953703703703704,1651143494891.35
errors_exam_0,4,0.6208333333333333,0.33425925925925926,1651143494903.478
errors_exam_0,4,0.6328125,0.42407407407407405,1651143494915.6863
errors_exam_0,4,0.6348958333333333,0.4722222222222222,1651143494927.8313
errors_exam_0,4,0.63125,0.5657407407407408,1651143494940.0613
errors_exam_0,4,0.6234375,0.6064814814814814,1651143494951.8499
errors_exam_0,4,0.6,0.6805555555555556,1651143494964.878
errors_exam_0,4,0.5880208333333333,0.7046296296296296,1651143494976.5745
errors_exam_0,4,0.5708333333333333,0.7268518518518519,1651143494988.699
errors_exam_0,4,0.5619791666666667,0.7324074074074074,1651143495000.9614
errors_exam_0,4,0.5427083333333333,0.7351851851851852,1651143495012.8528
errors_exam_0,4,0.5255208333333333,0.7351851851851852,1651143495025.0083
errors_exam_0,4,0.49375,0.7231481481481481,1651143495037.1238
errors_exam_0,4,0.47239583333333335,0.7092592592592593,1651143495049.1082
errors_exam_0,4,0.421875,0.6712962962962963,1651143495061.1404
errors_exam_0,4,0.39791666666666664,0.6453703703703704,1651143495073.2212
errors_exam_0,4,0.3515625,0.5898148148148148,1651143495085.4832
errors_exam_0,4,0.3375,0.5611111111111111,1651143495097.9097
errors_exam_0,4,0.3223958333333333,0.5083333333333333,1651143495109.864
errors_exam_0,4,0.31875,0.4805555555555555,1651143495122.1165
errors_exam_0,4,0.32395833333333335,0.42314814814814816,1651143495134.2937
errors_exam_0,4,0.33229166666666665,0.3916666666666667,1651143495146.2954
errors_exam_0,4,0.36875,0.32499999999999996,1651143495158.279
errors_exam_0,4,0.396875,0.29074074074074074,1651143495170.3801
errors_exam_0,4,0.46510416666666665,0.23981481481481481,1651143495182.4683
errors_exam_0,4,0.49895833333333334,0.2240740740740741,1651143495194.6223
errors_exam_0,4,0.5645833333333333,0.2148148148148148,1651143495207.4724
errors_exam_0,4,0.6182291666666667,0.22777777777777775,1651143495219.381
errors_exam_0,4,0.6359375,0.24259259259259258,1651143495231.4666
errors_exam_0,4,0.6572916666666667,0.28981481481481486,1651143495243.364
errors_exam_0,4,0.6625,0.31759259259259254,1651143495255.6208
errors_exam_0,4,0.6661458333333333,0.3925925925925926,1651143495267.891
errors_exam_0,4,0.6661458333333333,0.43518518518518523,1651143495279.7766
errors_exam_0,4,0.6552083333333333,0.5314814814814814,1651143495292.0293
errors_exam_0,4,0.6463541666666667,0.5703703703703704,1651143495303.926
errors_exam_0,4,0.6234375,0.6509259259259259,1651143495316.1672
errors_exam_0,4,0.6098958333333333,0.6814814814814815,1651143495328.0378
errors_exam_0,4,0.5869791666666667,0.7175925925925926,1651143495340.2021
errors_exam_0,4,0.5776041666666667,0.7268518518518519,1651143495352.1208
errors_exam_0,4,0.5635416666666667,0.7324074074074074,1651143495364.6792
errors_exam_0,4,0.5546875,0.7324074074074074,1651143495376.4226
errors_exam_0,4,0.5260416666666666,0.7240740740740741,1651143495388.9333
errors_exam_0,4,0.5098958333333333,0.7111111111111111,1651143495400.9814
errors_exam_0,4,0.46145833333333336,0.6657407407407407,1651143495412.6282
errors_exam_0,4,0.43645833333333334,0.6351851851851852,1651143495424.5723
errors_exam_0,4,0.3890625,0.5685185185185185,1651143495437.2751
errors_exam_0,4,0.3692708333333333,0.5296296296296297,1651143495449.3176
errors_exam_0,4,0.3453125,0.4555555555555556,1651143495461.5005
errors_exam_0,4,0.340625,0.41388888888888886,1651143495473.6228
errors_exam_0,4,0.3416666666666667,0.337037037037037,1651143495485.6616
errors_exam_0,4,0.35208333333333336,0.29814814814814816,1651143495497.5886
errors_exam_0,4,0.38333333333333336,0.23333333333333328,1651143495509.5405
errors_exam_0,4,0.40572916666666664,0.20925925925925926,1651143495521.1597
errors_exam_0,4,0.4708333333333333,0.17500000000000004,1651143495533.5151
errors_exam_0,4,0.5020833333333333,0.1694444444444444,1651143495545.9368
errors_exam_0,4,0.5671875,0.17222222222222228,1651143495557.8076
errors_exam_0,4,0.59375,0.18518518518518523,1651143495570.1196
errors_exam_0,4,0.6375,0.2314814814814815,1651143495582.2944
errors_exam_0,4,0.6515625,0.2574074074074074,1651143495594.114
errors_exam_0,4,0.665625,0.3287037037037037,1651143495606.2266
errors_exam_0,4,0.6697916666666667,0.37037037037037035,1651143495618.2236
errors_exam_0,4,0.6682291666666667,0.46111111111111114,1651143495629.7698
errors_exam_0,4,0.6588541666666666,0.5046296296296297,1651143495642.389
errors_exam_0,4,0.6354166666666666,0.587962962962963,1651143495654.7048
errors_exam_0,4,0.6088541666666667,0.6472222222222221,1651143495667.0554
errors_exam_0,4,0.6010416666666667,0.6601851851851852,1651143495679.014
errors_exam_0,4,0.5869791666666667,0.6712962962962963,1651143495691.4697
errors_exam_0,4,0.5807291666666666,0.6731481481481482,1651143495703.5674
errors_exam_0,4,0.5661458333333333,0.6731481481481482,1651143495715.6924
errors_exam_0,4,0.5557291666666667,0.6685185185185185,1651143495727.8894
errors_exam_0,4,0.5328125,0.6472222222222221,1651143495740.0098
errors_exam_0,4,0.5213541666666667,0.6314814814814815,1651143495752.0273
errors_exam_0,4,0.5052083333333334,0.6055555555555556,1651143495764.3027
errors_exam_0,4,0.4979166666666667,0.5898148148148148,1651143495776.0535
errors_exam_0,4,0.48802083333333335,0.5583333333333333,1651143495788.2966
errors_exam_0,4,0.484375,0.5425925925925925,1651143495800.1863
errors_exam_0,4,0.47760416666666666,0.5101851851851852,1651143495812.1296
errors_exam_0,4,0.47604166666666664,0.4981481481481481,1651143495824.041
errors_exam_0,4,0.4734375,0.4657407407407408,1651143495836.275
errors_exam_0,4,0.4734375,0.45185185185185184,1651143495848.1907
errors_exam_0,4,0.4744791666666667,0.4277777777777778,1651143495860.4512
errors_exam_0,4,0.4765625,0.4203703703703704,1651143495871.9956
errors_exam_0,-1,-1,-1,1651143495884.4355
errors_exam_0,-1,-1,-1,1651143495896.324
errors_exam_0,-1,-1,-1,1651143495908.357
errors_exam_0,-1,-1,-1,1651143495920.9417
errors_exam_0,-1,-1,-1,1651143495932.7036
errors_exam_0,-1,-1,-1,1651143495944.303
errors_exam_0,5,0.6447916666666667,0.35462962962962963,1651143495956.5957
errors_exam_0,5,0.6458333333333334,0.3555555555555555,1651143495969.2178
errors_exam_0,5,0.646875,0.3592592592592593,1651143495981.8262
errors_exam_0,5,0.6473958333333333,0.3648148148148148,1651143495993.9985
errors_exam_0,5,0.6473958333333333,0.3842592592592593,1651143496006.263
errors_exam_0,5,0.6473958333333333,0.4009259259259259,1651143496018.4036
errors_exam_0,5,0.6453125,0.45092592592592595,1651143496030.993
errors_exam_0,5,0.6364583333333333,0.525,1651143496043.9873
errors_exam_0,5,0.6276041666666666,0.5657407407407408,1651143496055.9558
errors_exam_0,5,0.6114583333333333,0.6212962962962962,1651143496067.9167
errors_exam_0,5,0.6057291666666667,0.6370370370370371,1651143496081.0078
errors_exam_0,5,0.5911458333333334,0.662037037037037,1651143496092.9458
errors_exam_0,5,0.5854166666666667,0.6666666666666667,1651143496105.0278
errors_exam_0,5,0.5713541666666667,0.6712962962962963,1651143496117.302
errors_exam_0,5,0.5609375,0.6712962962962963,1651143496130.2944
errors_exam_0,5,0.5265625,0.6611111111111111,1651143496142.4653
errors_exam_0,5,0.5020833333333333,0.6444444444444444,1651143496154.6697
errors_exam_0,5,0.44427083333333334,0.5925925925925926,1651143496167.362
errors_exam_0,5,0.3880208333333333,0.5231481481481481,1651143496179.0566
errors_exam_0,5,0.3645833333333333,0.48611111111111116,1651143496191.2231
errors_exam_0,5,0.3333333333333333,0.4120370370370371,1651143496203.2864
errors_exam_0,5,0.325,0.3833333333333333,1651143496215.4512
errors_exam_0,5,0.321875,0.3407407407407408,1651143496227.601
errors_exam_0,5,0.32447916666666665,0.31851851851851853,1651143496239.5222
errors_exam_0,5,0.3375,0.2870370370370371,1651143496251.6602
errors_exam_0,5,0.3494791666666667,0.27129629629629626,1651143496264.0242
errors_exam_0,5,0.3802083333333333,0.24907407407407411,1651143496276.188
errors_exam_0,5,0.39947916666666666,0.2407407407407407,1651143496288.0383
errors_exam_0,5,0.4484375,0.23611111111111116,1651143496300.2415
errors_exam_0,5,0.4734375,0.23611111111111116,1651143496312.0764
errors_exam_0,5,0.5223958333333333,0.25277777777777777,1651143496324.3232
errors_exam_0,5,0.5427083333333333,0.2685185185185185,1651143496336.1702
errors_exam_0,5,0.5744791666666667,0.3231481481481482,1651143496348.4475
errors_exam_0,5,0.5833333333333334,0.36203703703703705,1651143496360.2979
errors_exam_0,5,0.5901041666666667,0.4472222222222222,1651143496372.1777
errors_exam_0,-1,-1,-1,1651143496384.395
errors_exam_0,-1,-1,-1,1651143496396.5085
errors_exam_0,-1,-1,-1,1651143496408.377
errors_exam_0,-1,-1,-1,1651143496420.4968
errors_exam_0,-1,-1,-1,1651143496432.1555
errors_exam_0,-1,-1,-1,1651143496444.0093
errors_exam_0,-1,-1,-1,1651143496455.7336
errors_exam_0,-1,-1,-1,1651143496468.2112
errors_exam_0,-1,-1,-1,1651143496480.7773
errors_exam_0,6,0.4822916666666667,0.7703703703703704,1651143496492.7808
errors_exam_0,6,0.471875,0.7527777777777778,1651143496504.9717
errors_exam_0,6,0.4484375,0.712037037037037,1651143496517.165
errors_exam_0,6,0.43697916666666664,0.6879629629629629,1651143496530.2095
errors_exam_0,6,0.41458333333333336,0.6296296296296297,1651143496542.3494
errors_exam_0,6,0.40625,0.5981481481481481,1651143496554.1284
errors_exam_0,6,0.3927083333333333,0.5203703703703704,1651143496566.302
errors_exam_0,6,0.3890625,0.4814814814814815,1651143496578.4417
errors_exam_0,6,0.3921875,0.4018518518518519,1651143496590.6206
errors_exam_0,6,0.4046875,0.36018518518518516,1651143496602.7485
errors_exam_0,6,0.4427083333333333,0.2870370370370371,1651143496614.768
errors_exam_0,6,0.471875,0.25555555555555554,1651143496626.6865
errors_exam_0,6,0.5390625,0.21111111111111114,1651143496638.531
errors_exam_0,6,0.575,0.19907407407407407,1651143496650.2627
errors_exam_0,6,0.6375,0.19351851851851853,1651143496662.3826
errors_exam_0,6,0.6645833333333333,0.1962962962962963,1651143496674.5303
errors_exam_0,6,0.7010416666666667,0.22037037037037033,1651143496686.7476
errors_exam_0,6,0.7182291666666667,0.27314814814814814,1651143496699.0762
errors_exam_0,6,0.7229166666666667,0.30833333333333335,1651143496711.309
errors_exam_0,6,0.7239583333333334,0.38611111111111107,1651143496723.211
errors_exam_0,6,0.7182291666666667,0.4305555555555556,1651143496735.47
errors_exam_0,6,0.6979166666666666,0.5157407407407407,1651143496747.6292
errors_exam_0,6,0.6838541666666667,0.5555555555555556,1651143496759.7964
errors_exam_0,6,0.6479166666666667,0.6277777777777778,1651143496772.0664
errors_exam_0,6,0.6291666666666667,0.6564814814814814,1651143496783.9446
errors_exam_0,6,0.596875,0.6824074074074074,1651143496797.036
errors_exam_0,6,0.5859375,0.6861111111111111,1651143496809.1638
errors_exam_0,6,0.565625,0.6870370370370371,1651143496821.032
errors_exam_0,-1,-1,-1,1651143496833.951
errors_exam_0,-1,-1,-1,1651143496846.0334
errors_exam_0,-1,-1,-1,1651143496858.1614
errors_exam_0,-1,-1,-1,1651143496870.237
errors_exam_0,-1,-1,-1,1651143496882.9941
errors_exam_0,-1,-1,-1,1651143496895.3113
errors_exam_0,7,0.40989583333333335,0.46944444444444444,1651143496907.4678
errors_exam_0,7,0.4078125,0.4574074074074074,1651143496919.6187
errors_exam_0,7,0.40729166666666666,0.437037037037037,1651143496931.8582
errors_exam_0,7,0.40729166666666666,0.4296296296296296,1651143496943.9177
errors_exam_0,7,0.409375,0.4203703703703704,1651143496956.0708
errors_exam_0,7,0.4114583333333333,0.41666666666666663,1651143496967.975
errors_exam_0,7,0.4192708333333333,0.4092592592592592,1651143496980.3381
errors_exam_0,7,0.4270833333333333,0.4037037037037037,1651143496992.2485
errors_exam_0,7,0.46979166666666666,0.38611111111111107,1651143497004.5847
errors_exam_0,7,0.4973958333333333,0.38148148148148153,1651143497016.482
errors_exam_0,7,0.5572916666666666,0.3759259259259259,1651143497028.4275
errors_exam_0,7,0.5854166666666667,0.3759259259259259,1651143497040.279
errors_exam_0,7,0.6359375,0.38703703703703707,1651143497052.4976
errors_exam_0,7,0.6494791666666667,0.39722222222222225,1651143497064.4045
errors_exam_0,7,0.6578125,0.41574074074074074,1651143497076.5793
errors_exam_0,7,0.6588541666666666,0.43148148148148147,1651143497088.524
errors_exam_0,7,0.6567708333333333,0.4833333333333333,1651143497100.8179
errors_exam_0,7,0.6494791666666667,0.5166666666666666,1651143497113.9272
errors_exam_0,7,0.6265625,0.5888888888888889,1651143497126.0503
errors_exam_0,7,0.6140625,0.6231481481481482,1651143497138.2935
errors_exam_0,7,0.584375,0.6814814814814815,1651143497150.4824
errors_exam_0,7,0.565625,0.7055555555555555,1651143497162.4553
errors_exam_0,7,0.5380208333333333,0.7333333333333334,1651143497174.5005
errors_exam_0,7,0.5317708333333333,0.7379629629629629,1651143497186.64
errors_exam_0,7,0.5171875,0.7398148148148148,1651143497198.8276
errors_exam_0,7,0.49270833333333336,0.725,1651143497211.1726
errors_exam_0,7,0.47291666666666665,0.7027777777777777,1651143497223.3677
errors_exam_0,7,0.42916666666666664,0.6342592592592593,1651143497235.1628
errors_exam_0,7,0.4119791666666667,0.5962962962962963,1651143497247.3694
errors_exam_0,7,0.3828125,0.5074074074074074,1651143497259.534
errors_exam_0,7,0.3734375,0.4638888888888889,1651143497271.7463
errors_exam_0,7,0.3697916666666667,0.3842592592592593,1651143497283.9744
errors_exam_0,7,0.37552083333333336,0.3490740740740741,1651143497295.865
errors_exam_0,7,0.39895833333333336,0.28240740740740744,1651143497308.1282
errors_exam_0,7,0.4192708333333333,0.25370370370370365,1651143497320.0247
errors_exam_0,7,0.4734375,0.20092592592592595,1651143497331.9128
errors_exam_0,7,0.5067708333333333,0.18518518518518523,1651143497343.9526
errors_exam_0,7,0.5739583333333333,0.17407407407407405,1651143497356.011
errors_exam_0,7,0.5984375,0.17500000000000004,1651143497367.9453
errors_exam_0,7,0.6286458333333333,0.20092592592592595,1651143497381.154
errors_exam_0,7,0.6375,0.22129629629629632,1651143497393.1763
errors_exam_0,7,0.6479166666666667,0.28888888888888886,1651143497405.4526
errors_exam_0,7,0.6494791666666667,0.3296296296296296,1651143497418.3367
errors_exam_0,7,0.6395833333333333,0.41574074074074074,1651143497430.2695
errors_exam_0,-1,-1,-1,1651143497442.3462
errors_exam_0,-1,-1,-1,1651143497454.3516
errors_exam_0,-1,-1,-1,1651143497466.4067
errors_exam_0,-1,-1,-1,1651143497478.1086
errors_exam_0,-1,-1,-1,1651143497489.8088
errors_exam_0,-1,-1,-1,1651143497502.302
errors_exam_0,-1,-1,-1,1651143497514.5571
errors_exam_0,8,0.521875,0.6685185185185185,1651143497526.6267
errors_exam_0,8,0.5046875,0.6444444444444444,1651143497539.096
errors_exam_0,8,0.49114583333333334,0.624074074074074,1651143497551.2937
errors_exam_0,8,0.46197916666666666,0.5685185185185185,1651143497564.054
errors_exam_0,8,0.4473958333333333,0.537962962962963,1651143497575.9924
errors_exam_0,8,0.4276041666666667,0.475925925925926,1651143497588.0254
errors_exam_0,8,0.421875,0.44074074074074077,1651143497599.9365
errors_exam_0,8,0.415625,0.38055555555555554,1651143497611.8455
errors_exam_0,8,0.415625,0.35462962962962963,1651143497624.8184
errors_exam_0,8,0.4244791666666667,0.3212962962962963,1651143497636.8499
errors_exam_0,8,0.43072916666666666,0.312962962962963,1651143497648.6687
errors_exam_0,-1,-1,-1,1651143497660.735
errors_exam_0,-1,-1,-1,1651143497672.8196
errors_exam_0,-1,-1,-1,1651143497684.9841
errors_exam_0,-1,-1,-1,1651143497697.0706
errors_exam_0,-1,-1,-1,1651143497709.0757
errors_exam_0,-1,-1,-1,1651143497720.7424
errors_exam_0,-1,-1,-1,1651143497732.5085
errors_exam_0,9,0.515625,0.3907407407407407,1651143497744.37
errors_exam_0,9,0.5109375,0.4092592592592592,1651143497756.5225
errors_exam_0,9,0.5078125,0.4185185185185185,1651143497768.4092
errors_exam_0,9,0.49583333333333335,0.43333333333333335,1651143497780.6099
errors_exam_0,9,0.4817708333333333,0.44074074074074077,1651143497792.49
errors_exam_0,9,0.4265625,0.45925925925925926,1651143497804.3684
errors_exam_0,-1,-1,-1,1651143497816.1116
errors_exam_0,-1,-1,-1,1651143497827.9856
errors_exam_0,-1,-1,-1,1651143497839.9475
errors_exam_0,-1,-1,-1,1651143497852.0408
errors_exam_0,-1,-1,-1,1651143497863.7898
errors_exam_0,10,0.2916666666666667,0.4083333333333333,1651143497875.8552
errors_exam_0,10,0.2947916666666667,0.4,1651143497888.003
errors_exam_0,10,0.3026041666666667,0.3907407407407407,1651143497900.182
errors_exam_0,10,0.30625,0.38611111111111107,1651143497912.1023
errors_exam_0,10,0.31614583333333335,0.38055555555555554,1651143497924.3608
errors_exam_0,10,0.3229166666666667,0.38055555555555554,1651143497937.247
errors_exam_0,10,0.3494791666666667,0.38888888888888884,1651143497949.1245
errors_exam_0,-1,-1,-1,1651143497961.0217
errors_exam_0,-1,-1,-1,1651143497973.1616
errors_exam_0,-1,-1,-1,1651143497985.2295
errors_exam_0,-1,-1,-1,1651143497998.0222
errors_exam_0,-1,-1,-1,1651143498010.0723
errors_exam_0,-1,-1,-1,1651143498022.6135
errors_exam_0,11,0.5567708333333333,0.5592592592592592,1651143498035.2078
errors_exam_0,11,0.5723958333333333,0.5675925925925926,1651143498047.4883
errors_exam_0,11,0.5859375,0.5694444444444444,1651143498059.4631
errors_exam_0,11,0.59375,0.5694444444444444,1651143498071.6335
errors_exam_0,11,0.60625,0.5601851851851851,1651143498083.852
errors_exam_0,11,0.6104166666666667,0.5527777777777778,1651143498096.65
errors_exam_0,11,0.6229166666666667,0.5240740740740741,1651143498108.5852
errors_exam_0,11,0.6307291666666667,0.5018518518518518,1651143498121.154
errors_exam_0,11,0.6390625,0.475925925925926,1651143498133.323
errors_exam_0,11,0.6416666666666667,0.4703703703703703,1651143498145.3315
errors_exam_0,11,0.64375,0.4666666666666667,1651143498157.3362
errors_exam_0,11,0.6442708333333333,0.4666666666666667,1651143498169.3662
errors_exam_0,11,0.6442708333333333,0.4740740740740741,1651143498181.3418
errors_exam_0,-1,-1,-1,1651143498193.2954
errors_exam_0,-1,-1,-1,1651143498205.5076
errors_exam_0,-1,-1,-1,1651143498217.6157
errors_exam_0,-1,-1,-1,1651143498229.6558
errors_exam_0,-1,-1,-1,1651143498241.2437
errors_exam_0,-1,-1,-1,1651143498253.1875
errors_exam_0,-1,-1,-1,1651143498266.2622
errors_exam_0,-1,-1,-1,1651143498278.357
errors_exam_0,12,0.48125,0.6796296296296296,1651143498290.3804
errors_exam_0,12,0.4484375,0.6231481481481482,1651143498302.619
errors_exam_0,12,0.41822916666666665,0.5583333333333333,1651143498314.9326
errors_exam_0,12,0.4036458333333333,0.5277777777777778,1651143498327.1287
errors_exam_0,12,0.38385416666666666,0.475,1651143498339.4592
errors_exam_0,12,0.375,0.44999999999999996,1651143498351.6208
errors_exam_0,12,0.365625,0.4222222222222223,1651143498363.8699
errors_exam_0,12,0.3609375,0.412962962962963,1651143498375.9822
errors_exam_0,12,0.3515625,0.4018518518518519,1651143498388.16
errors_exam_0,12,0.34427083333333336,0.399074074074074,1651143498401.2395
errors_exam_0,12,0.32760416666666664,0.399074074074074,1651143498413.4211
errors_exam_0,12,0.3125,0.4027777777777778,1651143498425.287
errors_exam_0,12,0.275,0.4277777777777778,1651143498437.289
errors_exam_0,-1,-1,-1,1651143498449.1963
errors_exam_0,-1,-1,-1,1651143498461.037
errors_exam_0,-1,-1,-1,1651143498473.1714
errors_exam_0,-1,-1,-1,1651143498485.2563
errors_exam_0,-1,-1,-1,1651143498498.165
errors_exam_0,-1,-1,-1,1651143498510.528
errors_exam_0,13,0.21197916666666666,0.4925925925925926,1651143498522.7178
errors_exam_0,13,0.2421875,0.500925925925926,1651143498534.742
errors_exam_0,13,0.28177083333333336,0.5148148148148148,1651143498547.196
errors_exam_0,13,0.30572916666666666,0.5231481481481481,1651143498559.9575
errors_exam_0,13,0.35260416666666666,0.55,1651143498572.2505
errors_exam_0,13,0.3729166666666667,0.5648148148148149,1651143498584.175
errors_exam_0,13,0.41354166666666664,0.5981481481481481,1651143498596.5452
errors_exam_0,13,0.43125,0.6129629629629629,1651143498608.9995
errors_exam_0,13,0.4625,0.65,1651143498621.5198
errors_exam_0,13,0.475,0.6638888888888889,1651143498634.0132
errors_exam_0,13,0.48385416666666664,0.6685185185185185,1651143498646.4592
errors_exam_0,-1,-1,-1,1651143498658.4597
errors_exam_0,-1,-1,-1,1651143498670.4482
errors_exam_0,14,0.5244791666666667,0.637962962962963,1651143498682.493
errors_exam_0,14,0.553125,0.5805555555555555,1651143498694.1792
errors_exam_0,14,0.5651041666666666,0.5453703703703704,1651143498705.9482
errors_exam_0,14,0.5895833333333333,0.4712962962962963,1651143498717.6394
errors_exam_0,14,0.6010416666666667,0.4388888888888889,1651143498729.8088
errors_exam_0,14,0.6145833333333334,0.38148148148148153,1651143498741.6858
errors_exam_0,14,0.6203125,0.3583333333333333,1651143498753.897
errors_exam_0,14,0.6291666666666667,0.3314814814814815,1651143498766.0972
errors_exam_0,14,0.6333333333333333,0.3231481481481482,1651143498778.0664
errors_exam_0,-1,-1,-1,1651143498790.6423
errors_exam_0,-1,-1,-1,1651143498802.8923
errors_exam_0,-1,-1,-1,1651143498815.1414
errors_exam_0,-1,-1,-1,1651143498827.3577
errors_exam_0,-1,-1,-1,1651143498839.4744
errors_exam_0,-1,-1,-1,1651143498851.1448
errors_exam_0,-1,-1,-1,1651143498863.087
errors_exam_0,-1,-1,-1,1651143498874.8257
errors_exam_0,15,0.7572916666666667,0.47685185185185186,1651143498886.9446
errors_exam_0,15,0.7578125,0.5231481481481481,1651143498900.0046
errors_exam_0,15,0.7578125,0.5462962962962963,1651143498912.933
errors_exam_0,15,0.74375,0.5990740740740741,1651143498924.8896
errors_exam_0,15,0.7354166666666667,0.6175925925925926,1651143498937.061
errors_exam_0,15,0.7239583333333334,0.6407407407407407,1651143498948.7944
errors_exam_0,-1,-1,-1,1651143498960.678
errors_exam_0,-1,-1,-1,1651143498972.8313
errors_exam_0,-1,-1,-1,1651143498984.9563
errors_exam_0,16,0.6796875,0.6666666666666667,1651143498996.9817
errors_exam_0,16,0.6729166666666667,0.6555555555555556,1651143499009.1365
errors_exam_0,16,0.646875,0.6129629629629629,1651143499021.3293
errors_exam_0,16,0.6338541666666667,0.5925925925925926,1651143499033.2666
errors_exam_0,16,0.596875,0.5462962962962963,1651143499045.2234
errors_exam_0,16,0.5770833333333333,0.5212962962962964,1651143499057.2124
errors_exam_0,16,0.528125,0.4657407407407408,1651143499069.1218
errors_exam_0,16,0.503125,0.43981481481481477,1651143499080.8003
errors_exam_0,16,0.45677083333333335,0.38981481481481484,1651143499093.3867
errors_exam_0,16,0.43333333333333335,0.3648148148148148,1651143499105.3455
errors_exam_0,16,0.3958333333333333,0.32685185185185184,1651143499117.5054
errors_exam_0,16,0.3848958333333333,0.31759259259259254,1651143499129.666
errors_exam_0,16,0.36875,0.30648148148148147,1651143499141.8506
errors_exam_0,16,0.3625,0.3046296296296296,1651143499153.9875
errors_exam_0,16,0.346875,0.3037037037037037,1651143499166.5913
errors_exam_0,16,0.3260416666666667,0.31666666666666665,1651143499179.369
errors_exam_0,16,0.3182291666666667,0.32407407407407407,1651143499191.3276
errors_exam_0,16,0.3067708333333333,0.34351851851851856,1651143499203.5386
errors_exam_0,16,0.303125,0.35370370370370374,1651143499215.7524
errors_exam_0,16,0.29583333333333334,0.3842592592592593,1651143499227.688
errors_exam_0,16,0.2916666666666667,0.4101851851851852,1651143499239.5852
errors_exam_0,16,0.29010416666666666,0.4657407407407408,1651143499251.8396
errors_exam_0,16,0.29010416666666666,0.49722222222222223,1651143499263.908
errors_exam_0,16,0.3026041666666667,0.549074074074074,1651143499276.9465
errors_exam_0,16,0.3125,0.5768518518518518,1651143499288.5317
errors_exam_0,16,0.3380208333333333,0.6194444444444445,1651143499300.7449
errors_exam_0,16,0.3546875,0.6333333333333333,1651143499312.852
errors_exam_0,16,0.39375,0.65,1651143499324.8953
errors_exam_0,16,0.4192708333333333,0.6518518518518519,1651143499336.951
errors_exam_0,16,0.471875,0.6472222222222221,1651143499349.059
errors_exam_0,16,0.49635416666666665,0.6333333333333333,1651143499361.938
errors_exam_0,16,0.5328125,0.5925925925925926,1651143499374.1812
errors_exam_0,16,0.5458333333333333,0.5722222222222222,1651143499386.2544
errors_exam_0,16,0.5609375,0.5203703703703704,1651143499398.4194
errors_exam_0,16,0.5640625,0.49351851851851847,1651143499410.3647
errors_exam_0,16,0.5651041666666666,0.43240740740740746,1651143499422.6135
errors_exam_0,16,0.55,0.37222222222222223,1651143499434.8696
errors_exam_0,16,0.5390625,0.3472222222222222,1651143499446.9248
errors_exam_0,16,0.5057291666666667,0.3018518518518518,1651143499459.3062
errors_exam_0,16,0.4869791666666667,0.287962962962963,1651143499471.487
errors_exam_0,16,0.4515625,0.2787037037037037,1651143499483.6096
errors_exam_0,16,0.4348958333333333,0.2787037037037037,1651143499496.054
errors_exam_0,16,0.4041666666666667,0.28981481481481486,1651143499508.3438
errors_exam_0,16,0.3932291666666667,0.29907407407407405,1651143499520.155
errors_exam_0,16,0.3770833333333333,0.3203703703703704,1651143499532.3726
errors_exam_0,16,0.37083333333333335,0.33611111111111114,1651143499544.289
errors_exam_0,16,0.359375,0.37222222222222223,1651143499556.4958
errors_exam_0,16,0.3541666666666667,0.39629629629629626,1651143499568.37
errors_exam_0,16,0.34791666666666665,0.4666666666666667,1651143499580.526
errors_exam_0,16,0.34791666666666665,0.5046296296296297,1651143499593.147
errors_exam_0,16,0.3619791666666667,0.5805555555555555,1651143499605.2795
errors_exam_0,16,0.3770833333333333,0.6185185185185185,1651143499618.2034
errors_exam_0,16,0.4119791666666667,0.6722222222222223,1651143499630.3123
errors_exam_0,16,0.43385416666666665,0.6898148148148149,1651143499642.559
errors_exam_0,16,0.4744791666666667,0.7074074074074075,1651143499654.6838
errors_exam_0,16,0.5098958333333333,0.7074074074074075,1651143499667.2617
errors_exam_0,16,0.5276041666666667,0.7027777777777777,1651143499679.1406
errors_exam_0,16,0.5572916666666666,0.6796296296296296,1651143499691.0461
errors_exam_0,16,0.56875,0.6638888888888889,1651143499703.271
errors_exam_0,16,0.5859375,0.625,1651143499715.4187
errors_exam_0,16,0.5932291666666667,0.5888888888888889,1651143499727.3252
errors_exam_0,16,0.603125,0.5018518518518518,1651143499739.4243
errors_exam_0,16,0.6041666666666666,0.4638888888888889,1651143499751.6025
errors_exam_0,16,0.596875,0.38796296296296295,1651143499763.7302
errors_exam_0,16,0.5875,0.3564814814814815,1651143499775.9214
errors_exam_0,16,0.5583333333333333,0.3018518518518518,1651143499788.4114
errors_exam_0,16,0.5375,0.28148148148148144,1651143499800.1555
errors_exam_0,16,0.4895833333333333,0.2583333333333333,1651143499812.463
errors_exam_0,16,0.4671875,0.2583333333333333,1651143499824.0776
errors_exam_0,16,0.4234375,0.2777777777777778,1651143499836.2708
errors_exam_0,16,0.4041666666666667,0.2944444444444444,1651143499848.1985
errors_exam_0,16,0.37135416666666665,0.33611111111111114,1651143499860.1616
errors_exam_0,16,0.35885416666666664,0.36296296296296293,1651143499872.4207
errors_exam_0,16,0.34322916666666664,0.4092592592592592,1651143499884.5686
errors_exam_0,16,0.34010416666666665,0.4361111111111111,1651143499896.804
errors_exam_0,16,0.3375,0.4981481481481481,1651143499908.9524
errors_exam_0,16,0.3375,0.5407407407407407,1651143499921.1177
errors_exam_0,16,0.340625,0.6277777777777778,1651143499933.2632
errors_exam_0,16,0.34739583333333335,0.662962962962963,1651143499945.6826
errors_exam_0,16,0.37083333333333335,0.7324074074074074,1651143499957.6096
errors_exam_0,16,0.3859375,0.7620370370370371,1651143499969.8445
errors_exam_0,16,0.4166666666666667,0.7916666666666666,1651143499981.9648
errors_exam_0,16,0.4348958333333333,0.8018518518518518,1651143499993.8757
errors_exam_0,16,0.47291666666666665,0.8018518518518518,1651143500006.4622
errors_exam_0,16,0.49270833333333336,0.7925925925925926,1651143500018.5933
errors_exam_0,16,0.5375,0.7481481481481482,1651143500030.7908
errors_exam_0,16,0.5729166666666666,0.6731481481481482,1651143500043.1
errors_exam_0,16,0.5854166666666667,0.6287037037037038,1651143500055.3257
errors_exam_0,16,0.5984375,0.5175925925925926,1651143500067.46
errors_exam_0,16,0.5984375,0.46018518518518514,1651143500079.655
errors_exam_0,16,0.5838541666666667,0.350925925925926,1651143500091.8262
errors_exam_0,16,0.5677083333333334,0.29907407407407405,1651143500103.9143
errors_exam_0,16,0.5203125,0.21203703703703702,1651143500116.0127
errors_exam_0,16,0.4953125,0.18611111111111112,1651143500129.0334
errors_exam_0,16,0.4479166666666667,0.16481481481481486,1651143500140.9524
errors_exam_0,16,0.4265625,0.16481481481481486,1651143500153.1052
errors_exam_0,16,0.39375,0.18240740740740746,1651143500165.3508
errors_exam_0,16,0.3807291666666667,0.19999999999999996,1651143500178.6887
errors_exam_0,16,0.36302083333333335,0.24351851851851847,1651143500190.6233
errors_exam_0,16,0.3489583333333333,0.31481481481481477,1651143500202.841
errors_exam_0,16,0.34270833333333334,0.35462962962962963,1651143500215.03
errors_exam_0,16,0.3390625,0.43333333333333335,1651143500227.1646
errors_exam_0,16,0.3390625,0.46851851851851856,1651143500239.4583
errors_exam_0,16,0.359375,0.5629629629629629,1651143500251.6306
errors_exam_0,16,0.3692708333333333,0.5925925925925926,1651143500263.854
errors_exam_0,16,0.41041666666666665,0.6425925925925926,1651143500276.0005
errors_exam_0,16,0.4348958333333333,0.662962962962963,1651143500287.9084
errors_exam_0,16,0.4791666666666667,0.6768518518518518,1651143500300.055
errors_exam_0,16,0.5020833333333333,0.6768518518518518,1651143500312.038
errors_exam_0,16,0.5458333333333333,0.6638888888888889,1651143500324.2156
errors_exam_0,16,0.5635416666666667,0.6490740740740741,1651143500336.1318
errors_exam_0,16,0.5901041666666667,0.6092592592592593,1651143500348.3281
errors_exam_0,16,0.6005208333333333,0.575,1651143500360.1956
errors_exam_0,16,0.6125,0.4925925925925926,1651143500372.776
errors_exam_0,16,0.6145833333333334,0.4472222222222222,1651143500384.9333
errors_exam_0,16,0.6041666666666666,0.3462962962962963,1651143500397.7622
errors_exam_0,16,0.5875,0.3037037037037037,1651143500410.0005
errors_exam_0,16,0.5375,0.22870370370370374,1651143500422.1724
errors_exam_0,16,0.5083333333333333,0.2064814814814815,1651143500434.2732
errors_exam_0,16,0.4552083333333333,0.19351851851851853,1651143500446.4612
errors_exam_0,16,0.40572916666666664,0.2064814814814815,1651143500459.2856
errors_exam_0,16,0.38645833333333335,0.2231481481481481,1651143500471.3914
errors_exam_0,16,0.35833333333333334,0.26296296296296295,1651143500483.4019
errors_exam_0,16,0.3494791666666667,0.2833333333333333,1651143500495.526
errors_exam_0,16,0.33541666666666664,0.3388888888888889,1651143500507.6917
errors_exam_0,16,0.32864583333333336,0.36944444444444446,1651143500519.859
errors_exam_0,16,0.3229166666666667,0.4472222222222222,1651143500531.8162
errors_exam_0,16,0.3229166666666667,0.4925925925925926,1651143500543.7397
errors_exam_0,16,0.33489583333333334,0.5703703703703704,1651143500555.9663
errors_exam_0,16,0.3458333333333333,0.5962962962962963,1651143500567.8777
errors_exam_0,16,0.38385416666666666,0.6370370370370371,1651143500580.0728
errors_exam_0,16,0.41041666666666665,0.65,1651143500592.3325
errors_exam_0,16,0.46458333333333335,0.6555555555555556,1651143500604.5193
errors_exam_0,16,0.4901041666666667,0.6546296296296297,1651143500616.4172
errors_exam_0,16,0.546875,0.6231481481481482,1651143500628.7185
errors_exam_0,16,0.571875,0.5990740740740741,1651143500640.8628
errors_exam_0,16,0.6072916666666667,0.5416666666666667,1651143500653.081
errors_exam_0,16,0.6197916666666666,0.5064814814814815,1651143500665.615
errors_exam_0,16,0.6302083333333334,0.43148148148148147,1651143500678.163
errors_exam_0,16,0.6302083333333334,0.3916666666666667,1651143500690.7344
errors_exam_0,16,0.6140625,0.31018518518518523,1651143500703.2085
errors_exam_0,16,0.5692708333333333,0.2305555555555555,1651143500715.573
errors_exam_0,16,0.5427083333333333,0.2046296296296296,1651143500728.7544
errors_exam_0,16,0.48854166666666665,0.18240740740740746,1651143500740.9888
errors_exam_0,16,0.4630208333333333,0.18055555555555558,1651143500752.9834
errors_exam_0,16,0.41041666666666665,0.19444444444444442,1651143500764.8965
errors_exam_0,16,0.3890625,0.21018518518518514,1651143500776.8484
errors_exam_0,16,0.3546875,0.25462962962962965,1651143500789.188
errors_exam_0,16,0.34375,0.274074074074074,1651143500801.1892
errors_exam_0,16,0.32708333333333334,0.32592592592592595,1651143500813.4653
errors_exam_0,16,0.321875,0.3555555555555555,1651143500825.7083
errors_exam_0,16,0.31875,0.43518518518518523,1651143500837.9358
errors_exam_0,16,0.3234375,0.47962962962962963,1651143500850.224
errors_exam_0,16,0.3494791666666667,0.5583333333333333,1651143500862.4202
errors_exam_0,16,0.3854166666666667,0.6185185185185185,1651143500874.1748
errors_exam_0,16,0.409375,0.6462962962962964,1651143500886.5752
errors_exam_0,16,0.4635416666666667,0.6833333333333333,1651143500898.8508
errors_exam_0,16,0.49114583333333334,0.6925925925925926,1651143500911.8425
errors_exam_0,16,0.54375,0.6944444444444444,1651143500923.8933
errors_exam_0,16,0.5661458333333333,0.6944444444444444,1651143500936.1318
errors_exam_0,16,0.6052083333333333,0.6694444444444445,1651143500948.2532
errors_exam_0,16,0.6151041666666667,0.6574074074074074,1651143500960.1226
errors_exam_0,16,0.6296875,0.624074074074074,1651143500972.385
errors_exam_0,16,0.6338541666666667,0.5981481481481481,1651143500984.2646
errors_exam_0,16,0.6375,0.5259259259259259,1651143500996.4778
errors_exam_0,16,0.6375,0.47870370370370374,1651143501008.4036
errors_exam_0,16,0.6166666666666667,0.37777777777777777,1651143501020.581
errors_exam_0,16,0.5958333333333333,0.32499999999999996,1651143501032.6636
errors_exam_0,16,0.5359375,0.23796296296296293,1651143501045.1887
errors_exam_0,16,0.5026041666666666,0.20833333333333337,1651143501057.0627
errors_exam_0,16,0.43125,0.1777777777777778,1651143501069.3188
errors_exam_0,16,0.3958333333333333,0.17314814814814816,1651143501081.2014
errors_exam_0,16,0.33125,0.187962962962963,1651143501093.0723
errors_exam_0,16,0.3067708333333333,0.20370370370370372,1651143501105.0754
errors_exam_0,16,0.26875,0.24907407407407411,1651143501117.2593
errors_exam_0,16,0.25416666666666665,0.2777777777777778,1651143501130.1814
errors_exam_0,16,0.23645833333333333,0.3314814814814815,1651143501142.346
errors_exam_0,16,0.2328125,0.3564814814814815,1651143501154.4521
errors_exam_0,16,0.23229166666666667,0.40555555555555556,1651143501166.6382
errors_exam_0,16,0.24583333333333332,0.4740740740740741,1651143501178.9465
errors_exam_0,16,0.259375,0.5046296296296297,1651143501191.1182
errors_exam_0,16,0.30520833333333336,0.5712962962962963,1651143501203.8677
errors_exam_0,16,0.3338541666666667,0.5944444444444444,1651143501215.8923
errors_exam_0,16,0.39479166666666665,0.6287037037037038,1651143501228.2126
errors_exam_0,16,0.428125,0.6361111111111111,1651143501239.909
errors_exam_0,16,0.4942708333333333,0.637962962962963,1651143501252.0635
errors_exam_0,16,0.5203125,0.6314814814814815,1651143501264.6636
errors_exam_0,16,0.5578125,0.6083333333333334,1651143501276.3684
errors_exam_0,16,0.5661458333333333,0.5981481481481481,1651143501288.2166
errors_exam_0,16,0.578125,0.5694444444444444,1651143501300.495
errors_exam_0,16,0.5822916666666667,0.5398148148148147,1651143501312.378
errors_exam_0,16,0.5833333333333334,0.4666666666666667,1651143501324.5356
errors_exam_0,16,0.5833333333333334,0.4185185185185185,1651143501336.556
errors_exam_0,16,0.5625,0.3287037037037037,1651143501348.6982
errors_exam_0,16,0.5411458333333333,0.2851851851851852,1651143501361.7363
errors_exam_0,16,0.4869791666666667,0.2129629629629629,1651143501374.0393
errors_exam_0,16,0.4552083333333333,0.187037037037037,1651143501386.1812
errors_exam_0,16,0.38958333333333334,0.1601851851851852,1651143501398.3884
errors_exam_0,16,0.36041666666666666,0.1601851851851852,1651143501410.3154
errors_exam_0,16,0.3151041666666667,0.18240740740740746,1651143501422.5571
errors_exam_0,16,0.2911458333333333,0.21018518518518514,1651143501434.8076
errors_exam_0,16,0.2786458333333333,0.23425925925925928,1651143501446.9946
errors_exam_0,16,0.2604166666666667,0.3046296296296296,1651143501459.2886
errors_exam_0,16,0.25833333333333336,0.34259259259259256,1651143501471.4763
errors_exam_0,16,0.26197916666666665,0.4388888888888889,1651143501484.221
errors_exam_0,16,0.2713541666666667,0.48703703703703705,1651143501496.6536
errors_exam_0,16,0.303125,0.5675925925925926,1651143501509.277
errors_exam_0,16,0.3234375,0.6027777777777779,1651143501521.2449
errors_exam_0,16,0.3765625,0.6546296296296297,1651143501533.2126
errors_exam_0,16,0.40572916666666664,0.6703703703703704,1651143501546.1782
errors_exam_0,16,0.4661458333333333,0.6796296296296296,1651143501558.3455
errors_exam_0,16,0.49166666666666664,0.6787037037037037,1651143501570.3406
errors_exam_0,16,0.5291666666666667,0.6537037037037037,1651143501582.355
errors_exam_0,16,0.5473958333333333,0.6333333333333333,1651143501594.3125
errors_exam_0,16,0.5703125,0.5768518518518518,1651143501606.2634
errors_exam_0,16,0.5791666666666667,0.5407407407407407,1651143501618.2307
errors_exam_0,16,0.5890625,0.4472222222222222,1651143501630.2463
errors_exam_0,16,0.5890625,0.4018518518518519,1651143501642.1672
errors_exam_0,16,0.5739583333333333,0.30740740740740746,1651143501654.4817
errors_exam_0,16,0.5578125,0.2666666666666667,1651143501666.8032
errors_exam_0,16,0.5104166666666666,0.20370370370370372,1651143501679.0007
errors_exam_0,16,0.45364583333333336,0.16759259259259263,1651143501691.5137
errors_exam_0,16,0.421875,0.15833333333333333,1651143501703.6238
errors_exam_0,16,0.3567708333333333,0.1592592592592592,1651143501716.542
errors_exam_0,16,0.32708333333333334,0.17592592592592593,1651143501728.4126
errors_exam_0,16,0.2828125,0.21666666666666667,1651143501740.281
errors_exam_0,-1,-1,-1,1651143501752.0493
errors_exam_0,-1,-1,-1,1651143501764.1948
errors_exam_0,-1,-1,-1,1651143501776.0374
errors_exam_0,-1,-1,-1,1651143501788.0803
errors_exam_0,-1,-1,-1,1651143501799.9167
errors_exam_0,-1,-1,-1,1651143501811.937
errors_exam_0,17,0.38177083333333334,0.47777777777777775,1651143501824.4963
errors_exam_0,17,0.4265625,0.4842592592592593,1651143501836.8638
errors_exam_0,17,0.4473958333333333,0.4842592592592593,1651143501849.7034
errors_exam_0,17,0.47760416666666666,0.47685185185185186,1651143501862.176
errors_exam_0,17,0.484375,0.4712962962962963,1651143501873.7432
errors_exam_0,17,0.4901041666666667,0.46018518518518514,1651143501886.5354
errors_exam_0,17,0.49166666666666664,0.44999999999999996,1651143501898.5032
errors_exam_0,17,0.490625,0.4083333333333333,1651143501910.5413
errors_exam_0,17,0.48333333333333334,0.37777777777777777,1651143501923.5063
errors_exam_0,17,0.4515625,0.3111111111111111,1651143501935.5986
errors_exam_0,17,0.40260416666666665,0.25555555555555554,1651143501947.803
errors_exam_0,17,0.37552083333333336,0.23703703703703705,1651143501960.6853
errors_exam_0,17,0.3296875,0.22037037037037033,1651143501972.6538
errors_exam_0,17,0.31666666666666665,0.22037037037037033,1651143501984.6216
errors_exam_0,17,0.30833333333333335,0.22592592592592597,1651143501996.5894
errors_exam_0,17,0.3046875,0.2314814814814815,1651143502008.5571
errors_exam_0,17,0.2984375,0.2694444444444445,1651143502020.525
errors_exam_0,17,0.2942708333333333,0.30833333333333335,1651143502033.4902
errors_exam_0,17,0.2916666666666667,0.4027777777777778,1651143502045.4583
errors_exam_0,17,0.2916666666666667,0.462037037037037,1651143502058.2957
errors_exam_0,17,0.29635416666666664,0.5740740740740741,1651143502070.3071
errors_exam_0,17,0.30416666666666664,0.6194444444444445,1651143502082.709
errors_exam_0,17,0.3296875,0.700925925925926,1651143502094.9148
errors_exam_0,17,0.3703125,0.7601851851851852,1651143502106.868
errors_exam_0,17,0.39479166666666665,0.7768518518518519,1651143502118.907
errors_exam_0,17,0.4484375,0.7907407407407407,1651143502131.0784
errors_exam_0,17,0.475,0.7907407407407407,1651143502143.1062
errors_exam_0,17,0.5302083333333333,0.7648148148148148,1651143502154.7744
errors_exam_0,17,0.5536458333333333,0.7388888888888889,1651143502166.9346
errors_exam_0,17,0.590625,0.6703703703703704,1651143502179.4556
errors_exam_0,17,0.6,0.6333333333333333,1651143502191.3352
errors_exam_0,17,0.609375,0.5453703703703704,1651143502203.515
errors_exam_0,17,0.6088541666666667,0.5,1651143502215.5173
errors_exam_0,17,0.5802083333333333,0.3824074074074074,1651143502227.9197
errors_exam_0,17,0.553125,0.3287037037037037,1651143502239.5989
errors_exam_0,17,0.48541666666666666,0.24259259259259258,1651143502251.8376
errors_exam_0,17,0.4484375,0.21018518518518514,1651143502264.0686
errors_exam_0,17,0.38125,0.18148148148148147,1651143502276.6816
errors_exam_0,17,0.3541666666666667,0.17962962962962958,1651143502288.567
errors_exam_0,17,0.3125,0.19537037037037042,1651143502300.7598
errors_exam_0,17,0.30104166666666665,0.20833333333333337,1651143502312.8047


Time elapsed (in seconds): ,15
Subject perception (in seconds): ,15
